Region,Country,Item_Type,Sales_Channel,Order_Priority,Order_Date,Order_ID,Ship_Date,Units_Sold,Unit_Price,Unit_Cost,Name
Europe,Ukraine,Cosmetics,Online,M,8/2/2014,942602765,27/02/14,5960,437.2,263.33,HanTaeSu
Europe,France,Cosmetics,Online,M,7/12/2015,324669444,18/01/16,5758,437.2,263.33,Hary
Sub-Saharan Africa,Togo,Cosmetics,Online,M,8/9/2015,563681733,9/9/2015,4806,437.2,263.33,Emily
Europe,Ukraine,Cosmetics,Online,H,8/2/2014,942602765,27/02/14,5960,437.2,263.33,HanTaeSu
Asia,Vietnam,Fruits,Online,C,6/7/2016,455516612,19/07/16,6343,9.33,6.92,Sherlock
,Vietnam,,,,,,,6343,,,
,Ukraine,,,,,,,5960,,,
,France,,,,,,,5758,,,
,Togo,,,,,,,4806,,,
,,Cosmetics,,,,,,16524,,,
,,Fruits,,,,,,6343,,,
